"symbol","name","price"
"NNVDA.BA","NVIDIA Corporation","11,230.00"
"AAAPL.BA","Apple Inc.","19,010.00"
"GGOOGL.BA","Alphabet Inc.","7,785.00"
"BBABA.BA","Alibaba Group Holding Limited","25,260.00"
"MMSFT.BA","Microsoft Corporation","19,750.00"
"CC.BA","Citigroup Inc.","54,300.00"
"AAMZN.BA","Amazon.com, Inc.","2,041.00"
"TTSLA.BA","Tesla, Inc.","41,260.00"
"TTM.BA","Toyota Motor Corporation","24,240.00"
"WWMT.BA","Walmart Inc.","10,930.00"
"BBRKB.BA","Berkshire Hathaway Inc.","33,460.00"
"LLLY.BA","Eli Lilly and Company","27,380.00"
"DDJNJ3.BA","Johnson & Johnson","2,880.00"
"SSAN.BA","Banco Santander, S.A.","69,425.00"
"JJPM.BA","JPMorgan Chase & Co.","29,680.00"
"VV.BA","Visa Inc.","25,720.00"
"JJNJ.BA","Johnson & Johnson","23,920.00"
"BBCS.BA","Barclays PLC","37,000.00"
"OORCL.BA","Oracle Corporation","79,000.00"
"CCOST.BA","Costco Wholesale Corporation","31,040.00"
"AABBV.BA","AbbVie Inc.","34,060.00"
"VVOD.BA","Vodafone Group Public Limited Company","22,810.00"
"HHD.BA","The Home Depot, Inc.","17,980.00"
"TTSM.BA","Taiwan Semiconductor Manufacturing Company Limited","60,025.00"
"AAMD.BA","Advanced Micro Devices, Inc.","30,520.00"
"CCAT.BA","Caterpillar Inc.","57,075.00"
"GGE.BA","General Electric Company","57,825.00"
"LLRCX.BA","Lam Research Corporation","6,280.00"
"HHSBC.BA","HSBC Holdings plc","62,625.00"
"CCSCO.BA","Cisco Systems, Inc.","22,680.00"
"MMRK.BA","Merck & Co., Inc.","35,700.00"
"GGS.BA","The Goldman Sachs Group, Inc.","102,100.00"
"AAMAT.BA","Applied Materials, Inc.","105,450.00"
"SSAP.BA","SAP SE","50,400.00"
"AAXP.BA","American Express Company","33,240.00"
"SSHEL.BA","Shell plc","57,825.00"
"IINTC.BA","Intel Corporation","13,780.00"
"IIBM.BA","International Business Machines Corporation","25,820.00"
"PPEP.BA","PepsiCo, Inc.","13,580.00"
"MMCD.BA","McDonald's Corporation","20,150.00"
"PPBR.BA","Petróleo Brasileiro S.A. - Petrobras","22,330.00"
"TTXN.BA","Texas Instruments Incorporated","66,600.00"
"TT.BA","AT&T Inc.","14,000.00"
"BBHP.BA","BHP Group Limited","53,825.00"
"BBA.BA","The Boeing Company","14,780.00"
"CCRM.BA","Salesforce, Inc.","15,540.00"
"AABT.BA","Abbott Laboratories","41,220.00"
"HHDB.BA","HDFC Bank Limited","23,800.00"
"AADI.BA","Analog Devices, Inc.","33,200.00"
"SSCCO.BA","Southern Copper Corporation","145,975.00"
"PPFE.BA","Pfizer Inc.","10,200.00"
"DDE.BA","Deere & Company","22,200.00"
"RRIO.BA","Rio Tinto Group","17,980.00"
"QQCOM.BA","QUALCOMM Incorporated","18,910.00"
"AABEV.BA","Ambev S.A.","13,640.00"
"LLMT.BA","Lockheed Martin Corporation","47,980.00"
"BBBV.BA","Banco Bilbao Vizcaya Argentaria, S.A.","33,300.00"
"HHON.BA","Honeywell International Inc.","44,300.00"
"BBPA11.BA","Banco BTG Pactual S.A.","16,750.00"
"NNEM.BA","Newmont Corporation","61,775.00"
"DDISN.BA","The Walt Disney Company","12,890.00"
"HHMC.BA","Honda Motor Co., Ltd.","46,800.00"
"SSPGI.BA","S&P Global Inc.","13,330.00"
"MMDT.BA","Medtronic plc","36,760.00"
"BBMY.BA","Bristol-Myers Squibb Company","29,700.00"
"GGSK.BA","GSK plc","21,650.00"
"IIBN.BA","ICICI Bank Limited","45,080.00"
"AADBE.BA","Adobe Inc.","8,815.00"
"PPLTR.BA","Palantir Technologies Inc.","64,675.00"
"SSBUX.BA","Starbucks Corporation","11,480.00"
"IITUB.BA","Itaú Unibanco Holding S.A.","13,340.00"
"PPETR3.BA","Petróleo Brasileiro S.A. - Petrobras","11,110.00"
"HHWM.BA","Howmet Aerospace Inc.","367,975.00"
"BBP.BA","BP p.l.c.","11,040.00"
"AAEM.BA","Agnico Eagle Mines Limited","53,000.00"
"MMELI.BA","MercadoLibre, Inc.","24,230.00"
"IITUB3.BA","Itaú Unibanco Holding S.A.","12,510.00"
"NNGG.BA","National Grid plc","67,900.00"
"NNKE.BA","NIKE, Inc.","7,730.00"
"FFCX.BA","Freeport-McMoRan Inc.","30,840.00"
"AADP.BA","Automatic Data Processing, Inc.","52,200.00"
"LLYG.BA","Lloyds Banking Group plc","4,092.50"
"MMRSH.BA","Marsh & McLennan Companies, Inc.","16,020.00"
"FFDX.BA","FedEx Corporation","55,175.00"
"IING.BA","ING Groep N.V.","13,860.00"
"AAZN.BA","AstraZeneca PLC","75,275.00"
"GGM.BA","General Motors Company","19,970.00"
"MMSI.BA","Motorola Solutions, Inc.","33,680.00"
"AAMX.BA","América Móvil, S.A.B. de C.V.","34,780.00"
"VVALE3.BA","Vale S.A.","24,360.00"
"CCL.BA","Colgate-Palmolive Company","47,220.00"
"MMETA.BA","Meta Platforms, Inc.","39,580.00"
"EE.BA","Eni S.p.A.","15,850.00"
"SSE.BA","Sea Limited","4,915.00"
"TTIMB.BA","TIM S.A.","38,160.00"
"RROST.BA","Ross Stores, Inc.","71,000.00"
"IINFY.BA","Infosys Limited","21,580.00"
"EEA.BA","Electronic Arts Inc.","21,010.00"
"VVIV.BA","Telefônica Brasil S.A.","23,030.00"
"TTGT.BA","Target Corporation","7,055.00"
"TTEN.BA","Tenaris S.A.","71,600.00"
"AABEV3.BA","Ambev S.A.","4,620.00"
"GGILD.BA","Gilead Sciences, Inc.","57,650.00"
"GGFI.BA","Gold Fields Limited","79,875.00"
"CCOIN.BA","Coinbase Global, Inc.","9,080.00"
"WWEGE3.BA","WEG S.A.","15,260.00"
"BBBD.BA","Banco Bradesco S.A.","5,855.00"
"BBIDU.BA","Baidu, Inc.","18,170.00"
"HHSY.BA","The Hershey Company","15,410.00"
"AAIG.BA","American International Group, Inc.","22,900.00"
"SSYY.BA","Sysco Corporation","16,710.00"
"KKGC.BA","Kinross Gold Corporation","50,575.00"
"SSBS.BA","Companhia de Saneamento Básico do Estado de São Paulo - SABESP","85,975.00"
"NNU.BA","Nu Holdings Ltd.","12,260.00"
"KKB.BA","KB Financial Group Inc.","84,175.00"
"AAVGO.BA","Broadcom Inc.","12,320.00"
"GGRMN.BA","Garmin Ltd.","105,300.00"
"NNVS.BA","Novartis AG","60,025.00"
"LLVS.BA","Las Vegas Sands Corp.","42,420.00"
"BBBDC3.BA","Banco Bradesco S.A.","5,025.00"
"PPYPL.BA","PayPal Holdings, Inc.","7,405.00"
"EEBAY.BA","eBay Inc.","60,525.00"
"JJD.BA","JD.com, Inc.","9,990.00"
"GGGB.BA","Gerdau S.A.","24,260.00"
"TTRVV.BA","The Travelers Companies, Inc.","72,325.00"
"NNMR.BA","Nomura Holdings, Inc.","14,040.00"
"KKEP.BA","Korea Electric Power Corporation","31,780.00"
"BBIIB.BA","Biogen Inc.","22,170.00"
"NNTES.BA","NetEase, Inc.","12,720.00"
"VVZ.BA","Verizon Communications Inc.","18,000.00"
"VVIVT3.BA","Telefônica Brasil S.A.","11,530.00"
"IIP.BA","International Paper Company","18,020.00"
"DDOW.BA","Dow Inc.","7,975.00"
"FFSLR.BA","First Solar, Inc.","18,550.00"
"PPAAS.BA","Pan American Silver Corp.","28,340.00"
"BBK.BA","The Bank of New York Mellon Corporation","86,450.00"
"SSBSP3.BA","Companhia de Saneamento Básico do Estado de São Paulo - SABESP","42,440.00"
"IIFF.BA","International Flavors & Fragrances Inc.","10,140.00"
"VVRSN.BA","VeriSign, Inc.","54,050.00"
"BBNG.BA","Bunge Global SA","35,900.00"
"NNG.BA","NovaGold Resources Inc.","63,250.00"
"CCAAP.BA","Corporación América Airports S.A.","165,725.00"
"TTTE.BA","TotalEnergies SE","37,620.00"
"SSID.BA","Companhia Siderúrgica Nacional","19,970.00"
"UUSB.BA","U.S. Bancorp","16,990.00"
"PPKS.BA","POSCO Holdings Inc.","32,180.00"
"TTCOM.BA","Trip.com Group Limited","39,960.00"
"VVALE.BA","Vale S.A.","12,200.00"
"HHPQ.BA","HP Inc.","28,520.00"
"TTWLO.BA","Twilio Inc.","4,547.50"
"HHL.BA","Hecla Mining Company","33,400.00"
"YYPFD.BA","YPF Sociedad Anónima","54,650.00"
"CCDE.BA","Coeur Mining, Inc.","32,760.00"
"HHAL.BA","Halliburton Company","25,020.00"
"MMA.BA","Mastercard Incorporated","23,110.00"
"SSUZ.BA","Suzano S.A.","16,330.00"
"SSUZB3.BA","Suzano S.A.","16,180.00"
"KKO.BA","The Coca-Cola Company","23,180.00"
"PPAC.BA","Grupo Aeroportuario del Pacífico, S.A.B. de C.V.","25,600.00"
"HHMY.BA","Harmony Gold Mining Company Limited","30,820.00"
"TTIMS3.BA","TIM S.A.","7,915.00"
"JJOYY.BA","JOYY Inc.","17,910.00"
"XXOM.BA","Exxon Mobil Corporation","21,780.00"
"NNIO.BA","NIO Inc.","1,805.00"
"MMFG.BA","Mizuho Financial Group, Inc.","14,640.00"
"EEQNR.BA","EQUINOR ASA CEDAR EACH 6 REPR 1","6,800.00"
"AAEG.BA","Aegon Ltd.","11,090.00"
"WWFC.BA","Wells Fargo & Company","25,520.00"
"RRTX.BA","RTX Corporation","58,625.00"
"PPSX.BA","Phillips 66","39,060.00"
"XXP.BA","XP Inc.","7,335.00"
"EERIC.BA","Telefonaktiebolaget LM Ericsson (publ)","8,150.00"
"AAAL.BA","American Airlines Group Inc.","10,220.00"
"AASR.BA","Grupo Aeroportuario del Sureste, S. A. B. de C. V.","27,140.00"
"TTMO.BA","Thermo Fisher Scientific Inc.","33,940.00"
"SSONY.BA","Sony Group Corporation","4,242.50"
"BBKR.BA","Baker Hughes Company","12,700.00"
"SSLB.BA","SLB N.V.","24,670.00"
"SSNAP.BA","Snap Inc.","7,145.00"
"UUNH.BA","UnitedHealth Group Incorporated","12,970.00"
"TTJX.BA","TJX COS INC CEDAR EACH 222 REPR","10,270.00"
"UUNP.BA","Union Pacific Corporation","19,120.00"
"NNXE.BA","NexGen Energy Ltd.","17,100.00"
"TTXR.BA","Ternium S.A.","16,170.00"
"PPCAR.BA","PACCAR Inc","62,150.00"
"GGGAL.BA","Grupo Financiero Galicia S.A.","6,695.00"
"GGLW.BA","Corning Incorporated","48,680.00"
"MMO.BA","Altria Group, Inc.","24,680.00"
"NNFLX.BA","Netflix, Inc.","2,366.00"
"UURBN.BA","Urban Outfitters, Inc.","51,875.00"
"CCAH.BA","Cardinal Health, Inc.","107,825.00"
"BBMA.BA","Banco Macro S.A.","12,700.00"
"UUGP.BA","Ultrapar Participações S.A.","7,495.00"
"NNUE.BA","Nucor Corporation","16,770.00"
"PPG.BA","The Procter & Gamble Company","15,760.00"
"TTECO2.BA","Telecom Argentina S.A.","3,330.00"
"AARM.BA","ARM HOLDINGS PLC CEDEAR EACH 27","6,605.00"
"MMRVL.BA","Marvell Technology, Inc.","8,265.00"
"JJCI.BA","Johnson Controls International plc","83,900.00"
"DDEO.BA","Diageo plc","24,330.00"
"PPAMP.BA","Pampa Energía S.A.","4,840.00"
"TTGSU2.BA","Transportadora de Gas del Sur S.A.","8,615.00"
"AANF.BA","Abercrombie & Fitch Co.","139,300.00"
"CCAR.BA","Avis Budget Group, Inc.","6,645.00"
"AAAP.BA","Advance Auto Parts, Inc.","6,170.00"
"AARCO.BA","Arcos Dorados Holdings Inc.","24,560.00"
"SSPOT.BA","Spotify Technology S.A.","24,070.00"
"BBBAR.BA","Banco BBVA Argentina S.A.","7,955.00"
"CCVX.BA","Chevron Corporation","16,730.00"
"DDHR.BA","DANAHER CORP CEDEAR EACH 54 REP","5,770.00"
"FFMX.BA","Fomento Económico Mexicano, S.A.B. de C.V.","28,060.00"
"MMIRG.BA","Mirgor Sociedad Anónima, Comercial, Industrial, Financiera, Inmobiliaria y Agropecuaria","20,850.00"
"HHOG.BA","Harley-Davidson, Inc.","9,980.00"
"CCEPU.BA","Central Puerto S.A.","2,285.00"
"CCSNA3.BA","Companhia Siderúrgica Nacional","2,483.00"
"TTXAR.BA","Ternium Argentina S.A.","702.50"
"CCELU.BA","Celulosa Argentina S.A.","304.50"
"SSNOW.BA","Snowflake Inc.","8,935.00"
"KKMB.BA","Kimberly-Clark Corporation","26,800.00"
"IISRG.BA","INTUITIVE SURGICAL INC CEDEAR E","8,085.00"
"GGLOB.BA","Globant S.A.","4,060.00"
"AALUA.BA","Aluar Aluminio Argentino S.A.I.C.","990.50"
"VVIST.BA","Vista Energy, S.A.B. de C.V.","26,420.00"
"MMMM.BA","3M Company","25,180.00"
"SSNA.BA","Snap-on Incorporated","94,250.00"
"PPBI.BA","Pitney Bowes Inc.","15,000.00"
"BBYMA.BA","Bolsas y Mercados Argentinos S.A.","308.00"
"BBAK.BA","Braskem S.A.","2,852.50"
"TTV.BA","Grupo Televisa, S.A.B.","1,584.00"
"XXYZ.BA","Block, Inc.","3,660.00"
"SSTNE.BA","StoneCo Ltd.","8,160.00"
"EEFX.BA","Equifax Inc.","17,660.00"
"LLAC.BA","Lithium Americas Corp.","6,860.00"
"SSHOP.BA","Shopify Inc.","1,539.00"
"GGT.BA","GOODYEAR TIRE & RUBBER CO CEDEA","7,005.00"
"AAMGN.BA","Amgen Inc.","18,130.00"
"LLOMA.BA","Loma Negra Compañía Industrial Argentina Sociedad Anónima","3,320.00"
"TTGNO4.BA","Transportadora de Gas del Norte S.A.","4,367.50"
"YYELP.BA","Yelp Inc.","15,450.00"
"EEDN.BA","Empresa Distribuidora y Comercializadora Norte Sociedad Anónima","2,082.00"
"AADGO.BA","Adecoagro S.A.","12,670.00"
"TTRAN.BA","Compañía de Transporte de Energía Eléctrica en Alta Tensión Transener S.A.","3,980.00"
"PPHG.BA","Koninklijke Philips N.V.","9,155.00"
"IIRSA.BA","IRSA Inversiones y Representaciones Sociedad Anónima","2,230.00"
"BBPAT.BA","Banco Patagonia S.A.","2,385.00"
"LLAR.BA","Lithium Argentina AG","10,240.00"
"TTRIP.BA","Tripadvisor, Inc.","7,100.00"
"PPAGS.BA","PagSeguro Digital Ltd.","5,155.00"
"SSUPV.BA","Grupo Supervielle S.A.","3,102.50"
"CCVH.BA","Cablevisión Holding S.A.","7,400.00"
"MMOLA.BA","Molinos Agro S.A.","26,650.00"
"MMETR.BA","MetroGAS S.A.","2,194.00"
"RREGE.BA","García Reguera Sociedad Anónima Comercial, Industrial, Financiera e Inmobiliaria","6,050.00"
"DDD.BA","DuPont de Nemours, Inc.","14,670.00"
"MMUX.BA","McEwen Inc.","19,030.00"
"CCRES.BA","Cresud Sociedad Anónima, Comercial, Inmobiliaria, Financiera y Agropecuaria","1,743.00"
"SSAMI.BA","S.A. San Miguel A.G.I.C.I. y F.","613.00"
"ZZM.BA","Zoom Communications, Inc.","2,872.50"
"CCTIO.BA","Consultatio S.A.","2,060.00"
"CCAPX.BA","Capex S.A.","4,600.00"
"CCGPA2.BA","Camuzzi Gas Pampeana S.A.","2,415.00"
"AA3.BA","A3 Mercados S.A.","3,025.00"
"GGBAN.BA","Naturgy BAN, S.A.","2,220.00"
"BBSBR.BA","Banco Santander (Brasil) S.A.","9,715.00"
"BBHIP.BA","Banco Hipotecario S.A.","450.00"
"PPATA.BA","Sociedad Anónima Importadora y Exportadora de la Patagonia","1,295.00"
"HHARG.BA","Holcim (Argentina) S.A.","1,740.00"
"GGPRK.BA","GeoPark Limited","12,020.00"
"RRAGH.BA","RAGHSA Sociedad Anonima","1,550.00"
"DDOCU.BA","DocuSign, Inc.","3,017.50"
"MMOLI.BA","Molinos Rio de la Plata S.A.","2,970.00"
"WWBO.BA","Weibo Corporation","2,454.00"
"VVALO.BA","Banco de Valores S.A.","562.00"
"OORLY.BA","OREILLY AUTOMOTIVE INC NEW CEDE","648.00"
"EETSY.BA","Etsy, Inc.","4,272.50"
"AAVY.BA","Avery Dennison Corporation","15,910.00"
"IINVJ.BA","Inversora Juramento S.A.","530.00"
"XXROX.BA","Xerox Holdings Corporation","2,840.00"
"LLEDE.BA","Ledesma Sociedad Anónima Agrícola Industrial","822.50"
"DDGCU2.BA","Distribuidora de Gas Cuyana S.A.","1,695.00"
"AAUSO.BA","Autopistas Del Sol SA","3,805.00"
"DDGCE.BA","Distribuidora de Gas del Centro S.A.","2,095.00"
"CCOME.BA","Sociedad Comercial del Plata S.A.","47.67"
"GGCLA.BA","Grupo Clarín S.A.","2,935.00"
"CCECO2.BA","Central Costanera S.A.","420.00"
"HHAVA.BA","Havanna Holding S.A.","5,650.00"
"RRICH.BA","Laboratorios Richmond S.A.C.I.F.","1,930.00"
"SSDA.BA","SunCar Technology Group Inc.","1,523.00"
"IINAG.BA","Insumos Agroquímicos S.A.","7,000.00"
"OOEST.BA","Grupo Concesionario del Oeste S.A.","870.00"
"FFERR.BA","Ferrum S.A. de Cerámica y Metalurgia","24.75"
"GGRIM.BA","Grimoldi S.A.","2,570.00"
"BBOLT.BA","Boldt S.A.","41.10"
"RRIGO.BA","Rigolleau S.A.","534.00"
"GGAMI.BA","B-Gaming S.A.","213.00"
"CCADO.BA","Carlos Casado S.A.","579.00"
"SSEMI.BA","Molinos Juan Semino S.A.","19.30"
"MMORI.BA","Morixe Hermanos S.A.C.I.","32.20"
"AAGRO.BA","Agrometal S.A.I.","48.80"
"BBIOX.BA","Bioceres Crop Solutions Corp.","880.50"
"IINTR.BA","Compañía Introductora de Buenos Aires S.A.","345.00"
"FFIPL.BA","Fiplasto S.A.","228.50"
"CCARC.BA","Carboclor S.A.","27.00"
"BBNGD.BA","Bunge Global SA","25.39"
"GGCDI.BA","GCDI S.A.","16.90"
"LLONG.BA","Longvie S.A.","20.15"
"RROSE.BA","Instituto Rosenbusch S.A.","223.50"
"GGARO.BA","Garovaglio y Zorraquín S.A.","200.00"
"DDOME.BA","DOMEC Compañía de Artefactos Domésticos S.A.I.C.y F.","76.00"
"PPOLL.BA","Polledo Sociedad Anonima, Industrial, Constructora y Financiera","290.00"
"AA3D.BA","A3 MERCADOS S.A","2.18"
"AAALC.BA","AMERICAN AIRLINES GROUP INC CED","6.93"
"AAALD.BA","American Airlines Group Inc.","7.20"
"AAAPLC.BA","APPLE INC CEDEAR(REPR 1/10 SHR)","12.93"
"AAAPLD.BA","Apple Inc.","13.39"
"AABBVD.BA","AbbVie Inc.","23.75"
"AABEVC.BA","AMBEV SA CEDEAR EACH REPR 3 ADR","9.33"
"AABEVD.BA","Ambev S.A.","9.70"
"AABNB.BA","Airbnb, Inc.","11,960.00"
"AABNBD.BA","Airbnb, Inc.","8.42"
"AABTD.BA","Abbott Laboratories","28.32"
"AACN.BA","ACCENTURE PLC CEDEAR EACH 75 RE","4,422.50"
"AACND.BA","ACCENTURE PLC CEDEAR EACH 75 RE","3.38"
"AACWI.BA","iShares Trust - iShares MSCI ACWI ETF","8,265.00"
"AACWID.BA","iShares Trust - iShares MSCI ACWI ETF","5.90"
"AADBEC.BA","ADOBE INC CEDEAR EACH 22 REP 1","6.01"
"AADBED.BA","Adobe Inc.","6.27"
"AADGOD.BA","Adecoagro S.A.","8.81"
"AAEMD.BA","Agnico Eagle Mines Limited","36.22"
"AAFCIO.BA","--","143,820.00"
"AAI.BA","C3.ai, Inc.","3,192.50"
"AAID.BA","C3.ai, Inc.","2.28"
"AAIGD.BA","American International Group, Inc.","16.08"
"AAKO-B.BA","EMBOTELLADORA ANDINA SA CED EAC","47,400.00"
"AALAB.BA","Astera Labs, Inc.","4,372.50"
"AALDAD.BA","Banco De Valores S.A. - Allaria Argencons Dqpr I L27260 Fund","0.85"
"AALUAC.BA","ALUAR ALUMINIO ARGENTINA SA","0.66"
"AALUAD.BA","Aluar Aluminio Argentino S.A.I.C.","0.70"
"AAMATD.BA","Applied Materials, Inc.","74.90"
"AAMDC.BA","ADVANCED MICRO DEVICES INC CEDE","20.84"
"AAMDD.BA","Advanced Micro Devices, Inc.","21.40"
"AAMGND.BA","Amgen Inc.","12.41"
"AAMXD.BA","América Móvil, S.A.B. de C.V.","26.34"
"AAMZNC.BA","AMAZON COM INC CEDEAR EACH 144","1.48"
"AAMZND.BA","Amazon.com, Inc.","1.44"
"AAN29.BA","--","137,990.00"
"AAN29C.BA","--","93.00"
"AAN29D.BA","--","95.85"
"AANFD.BA","ABERCROMBIE & FITCH CO CEDEAR E","99.50"
"AARCOD.BA","Arcos Dorados Holdings Inc.","17.36"
"AARKK.BA","ARK ETF Trust - ARK Innovation ETF","10,370.00"
"AARKKC.BA","ARK ETF TR CEDEAR EACH 10 REPR","7.00"
"AARKKD.BA","ARK ETF TRUST CEDEAR EACH 10 RE","7.32"
"AARMD.BA","ARM HOLDINGS PLC CEDEAR EACH 27","4.80"
"AASML.BA","ASML Holding N.V.","14,220.00"
"AASMLC.BA","ASML HOLDING NV CEDEAR EACH 146","9.72"
"AASMLD.BA","ASML Holding N.V.","10.04"
"AASTS.BA","AST SpaceMobile, Inc.","8,045.00"
"AASTSD.BA","AST SPACEMOBILE INC CEDEAR EACH","5.70"
"AAVGOC.BA","BROADCOM INC CEDEAR EACH 39 REP","8.58"
"AAVGOD.BA","Broadcom Inc.","8.79"
"AAVYD.BA","Avery Dennison Corporation","11.02"
"AAXIA.BA","Axia Energia","66,025.00"
"AAXPD.BA","American Express Company","23.40"
"AAZND.BA","AstraZeneca PLC","50.80"
"BB-C.BA","BARRICK GOLD CORPORATION CEDEAR","23.00"
"BB-D.BA","BARRICK GOLD CORPORATION CEDEAR","24.86"
"BB.BA","Barrick Mining Corporation","35,240.00"
"BBA-C.BA","Bank of America Corp","19,220.00"
"BBA-CC.BA","BANK OF AMERICA CORPORATION CED","13.07"
"BBA-CD.BA","BANK OF AMERICA CORPORATION CED","13.55"
"BBABAC.BA","ALIBABA GROUP HOLDING LTD CEDEA","17.45"
"BBABAD.BA","Alibaba Group Holding Limited","17.84"
"BBAC.BA","BOEING CO CEDEAR EACH 6 REP 1","9.89"
"BBACGC.BA","--","103.95"
"BBACGD.BA","--","107.70"
"BBACGO.BA","--","153,540.00"
"BBACHC.BA","--","102.30"
"BBACHD.BA","--","105.60"
"BBACHO.BA","--","151,000.00"
"BBAD.BA","The Boeing Company","10.44"
"BBAF27.BA","--","96.00"
"BBAKD.BA","Braskem S.A.","1.99"
"BBB-D.BA","BLACKBERRY LTD CEDEAR(REPR 1/3","1.16"
"BBB.BA","BlackBerry Limited","1,691.00"
"BBBARD.BA","BANCO BBVA ARGENTINA S A","5.59"
"BBBAS3.BA","Banco do Brasil S.A.","3,520.00"
"BBBDC.BA","BANCO BRADESCO SA CEDEAR EACH R","4.09"
"BBBDD.BA","Banco Bradesco S.A.","4.12"
"BBBVD.BA","Banco Bilbao Vizcaya Argentaria, S.A.","24.29"
"BBC33D.BA","--","108.40"
"BBDC33.BA","--","152,600.00"
"BBF35D.BA","--","101.70"
"BBF37D.BA","--","103.00"
"BBGC4D.BA","--","101.75"
"BBGC4O.BA","--","143,800.00"
"BBHIPD.BA","BANCO HIPOTECAIRO SA","0.32"
"BBHPD.BA","BHP GROUP LTD CEDEAR EACH REPR","37.44"
"BBIDUC.BA","BAIDU INC CEDEAR EACH REPR 1 AD","12.90"
"BBIDUD.BA","Baidu, Inc.","12.94"
"BBIIBD.BA","Biogen Inc.","15.53"
"BBIOXC.BA","BIOCERES CROP SOLUTIONS CORP CE","0.60"
"BBIOXD.BA","Bioceres Crop Solutions Corp.","0.62"
"BBITF.BA","Bitfarms Ltd.","15,950.00"
"BBITFD.BA","Bitfarms Ltd.","11.16"
"BBKD.BA","The Bank of New York Mellon Corporation","61.00"
"BBKNG.BA","BOOKING HOLDINGS INC CEDEAR EAC","9,050.00"
"BBKNGD.BA","BOOKING HOLDINGS INC CEDEAR EAC","6.30"
"BBMA-C.BA","BANCO MACRO S.A.","9.00"
"BBMA-D.BA","BANCO MACRO S.A.","9.04"
"BBMNR.BA","Bitmine Immersion Technologies, Inc.","3,875.00"
"BBMNRD.BA","BANCO COMAFI S.A. CEDEAR EACH 8","3.11"
"BBMYD.BA","Bristol-Myers Squibb Company","21.21"
"BBPA8C.BA","--","88.00"
"BBPA8D.BA","--","90.70"
"BBPB8C.BA","--","87.00"
"BBPB8D.BA","--","90.26"
"BBPD.BA","BP p.l.c.","7.84"
"BBPOA8.BA","--","128,990.00"
"BBPOB8.BA","--","128,110.00"
"BBRKBC.BA","BERKSHIRE HATHAWAY INC CEDEAR E","22.76"
"BBRKBD.BA","BERKSHIRE HATHAWAY INC CEDEAR E","23.55"
"BBX.BA","Blackstone Inc.","6,375.00"
"BBYCVD.BA","--","104.30"
"BBYCXD.BA","--","101.60"
"BBYMAC.BA","BOLSAS Y MERCADOS ARGENTINOS SA","0.22"
"BBYMAD.BA","Bolsas y Mercados Argentinos S.A.","0.22"
"CC-D.BA","CITIGROUP INC CEDEAR EA RE COM(","38.13"
"CCAAPD.BA","Corporación América Airports S.A.","115.00"
"CCACDD.BA","--","101.95"
"CCACDO.BA","--","150,990.00"
"CCAHD.BA","Cardinal Health, Inc.","78.90"
"CCATC.BA","CATERPILLAR INC CEDEAR EA 20 RE","37.64"
"CCATD.BA","Caterpillar Inc.","40.26"
"CCCL.BA","CARNIVAL CORP CEDEAR EACH 3 REP","15,680.00"
"CCCLD.BA","Carnival Corporation & plc","10.88"
"CCEG.BA","Constellation Energy Corporation","9,565.00"
"CCEGD.BA","CONSTELLATION ENERGY CORPORATIO","6.77"
"CCEPUC.BA","CENTRAL PUERTO SA","1.55"
"CCEPUD.BA","Central Puerto S.A.","1.61"
"CCIBR.BA","FIRST TRUST EXCH TRADED FUND 2","9,880.00"
"CCIBRD.BA","FIRST TRUST EXCH TRADED FUND 2","7.04"
"CCICAD.BA","--","102.00"
"CCICAO.BA","--","147,200.00"
"CCICBD.BA","--","100.00"
"CCICBO.BA","--","143,900.00"
"CCLD.BA","Colgate-Palmolive Company","33.00"
"CCLI1D.BA","--","29.50"
"CCLI1O.BA","--","43,300.00"
"CCLS.BA","Celestica Inc.","20,540.00"
"CCLSD.BA","CELESTICA INC CEDEAR EACH  20 R","14.80"
"CCO32.BA","--","155,000.00"
"CCO32C.BA","--","101.00"
"CCO32D.BA","--","108.65"
"CCO35.BA","--","145,740.00"
"CCO35C.BA","--","98.54"
"CCO35D.BA","--","101.90"
"CCO35X.BA","--","144,474.27"
"CCOINC.BA","COINBASE GLOBAL INC CED EACH 2","6.11"
"CCOIND.BA","Coinbase Global, Inc.","6.38"
"CCOMED.BA","Sociedad Comercial del Plata S.A.","0.03"
"CCOPX.BA","Banco Comafi S.A.","9,215.00"
"CCOPXD.BA","Banco Comafi S.A.","6.63"
"CCOSTC.BA","COSTCO WHOLESALE CORP CEDEAR EA","20.50"
"CCOSTD.BA","Costco Wholesale Corporation","22.00"
"CCRE3W.BA","CRESUD S.A.C.I.F.Y.A.","1,720.00"
"CCRESD.BA","CRESUD S.A.C.I.F.Y.A.","1.23"
"CCRMD.BA","Salesforce, Inc.","10.95"
"CCRWV.BA","CoreWeave, Inc.","5,205.00"
"CCRWVD.BA","COREWEAVE INC CEDEAR EACH 27 RE","3.38"
"CCS48C.BA","--","105.00"
"CCS48D.BA","--","105.00"
"CCS48O.BA","--","149,750.00"
"CCS49D.BA","--","106.30"
"CCS49O.BA","--","154,900.00"
"CCS50D.BA","--","103.90"
"CCS50O.BA","--","147,030.00"
"CCS51D.BA","--","100.05"
"CCS51O.BA","--","142,100.00"
"CCSCOD.BA","Cisco Systems, Inc.","16.09"
"CCVHC.BA","CABLEVISION HOLDING SA","5.16"
"CCVHD.BA","CABLEVISION HOLDING SA","5.41"
"CCVS.BA","CVS HEALTH CORPORATION CEDEAR E","7,555.00"
"CCVSD.BA","CVS Health Corporation","5.44"
"CCVXC.BA","CHEVRON CORPORATION CEDEAR EACH","11.67"
"CCVXD.BA","Chevron Corporation","11.78"
"CCX.BA","Cemex SAB de CV","18,400.00"
"DD27F6.BA","--","139,780.00"
"DD30A6.BA","--","138,500.00"
"DDAL.BA","DELTA AIR LINES INC CEDEAR EACH","12,610.00"
"DDALD.BA","Delta Air Lines, Inc.","8.89"
"DDDD.BA","DuPont de Nemours, Inc.","10.00"
"DDECK.BA","Deckers Outdoor Corporation","6,765.00"
"DDECKD.BA","DECKERS OUTDOOR CORP CEDEAR EAC","4.67"
"DDED.BA","Deere & Company","15.84"
"DDEOD.BA","Diageo plc","17.42"
"DDHRD.BA","Danaher Corporation","4.24"
"DDIA.BA","SPDR Dow Jones Industrial Average ETF Trust","36,520.00"
"DDIAC.BA","SPDR DOW JONES INDUSTRIAL AVG E","24.94"
"DDIAD.BA","SPDR DOW JONES INDUSTRIAL AVG E","25.61"
"DDISNC.BA","WALT DISNEY COMPANY (THE) 12 CE","9.01"
"DDISND.BA","The Walt Disney Company","9.07"
"DDN27D.BA","--","105.80"
"DDNC8C.BA","--","101.75"
"DDNC8D.BA","--","104.15"
"DDNC8O.BA","--","147,800.00"
"DDOCUC.BA","DOCUSIGN INC CEDEAR EACH 22 REP","2.19"
"DDOCUD.BA","DocuSign, Inc.","2.12"
"DDOWC.BA","DOW INC CED EACH 2 REPR 1","5.60"
"DDOWD.BA","Dow Inc.","5.62"
"EEAD.BA","Electronic Arts Inc.","15.03"
"EEBAYD.BA","eBay Inc.","41.68"
"EECL.BA","Ecolab Inc.","7,895.00"
"EECOG.BA","Ecogas Inversiones S.A.","3,145.00"
"EECOGD.BA","Ecogas Inversiones S.A.","2.20"
"EEDND.BA","EMPRESA DISTR Y COMERC NORTE ED","1.46"
"EEEM.BA","iShares, Inc. - iShares MSCI Emerging Markets ETF","17,970.00"
"EEEMC.BA","ISHARES TRUST CEDEAR EACH 5 REP","12.60"
"EEEMD.BA","ISHARES TRUST CEDEAR EACH 5 REP","12.76"
"EEFA.BA","iShares Trust - iShares MSCI EAFE ETF","8,535.00"
"EEFAD.BA","ISHARES TRUST CEDEAR EACH 18 RE","6.07"
"EELPC.BA","Companhia Paranaense de Energia - COPEL","46,980.00"
"EEMBJ.BA","Embraer S.A.","104,775.00"
"EEMBJD.BA","Embraer S.A.","75.20"
"EEMC1D.BA","--","102.05"
"EESGU.BA","Banco Comafi S.A.","7,310.00"
"EESGUD.BA","Banco Comafi S.A.","5.20"
"EETHA.BA","ISHARES ETHEREUM TRUST DR ENTL","4,557.50"
"EETHAC.BA","ISHARES ETHEREUM TRUST DR ENTL","3.10"
"EETHAD.BA","ISHARES ETHEREUM TRUST DR ENTL","3.21"
"EETSYD.BA","Etsy, Inc.","3.03"
"EEWJ.BA","ISHARES INC CEDEAR EACH 14 REPR","9,870.00"
"EEWJC.BA","ISHARES INC CEDEAR EACH 14 REPR","6.80"
"EEWJD.BA","ISHARES INC CEDEAR EACH 14 REPR","6.97"
"EEWZ.BA","iShares, Inc. - iShares MSCI Brazil ETF","27,920.00"
"EEWZC.BA","ISHARES INC CEDEAR EACH 2 REPR","19.05"
"EEWZD.BA","ISHARES INC CEDEAR 2 REPR 1 ETF","19.64"
"FF-B.BA","--","20,740.00"
"FF.BA","Ford Motor Company","20,750.00"
"FFCXC.BA","FREEPORT-MCMORAN INC CEDEAR EAC","21.65"
"FFCXD.BA","Freeport-McMoRan Inc.","21.80"
"FFD.BA","Ford Motor Company","14.79"
"FFDXD.BA","FedEx Corporation","38.07"
"FFMXD.BA","Fomento Económico Mexicano, S.A.B. de C.V.","19.25"
"FFO4AD.BA","--","102.90"
"FFO4AO.BA","--","147,000.00"
"FFO4BO.BA","--","146,000.00"
"FFSLRD.BA","FIRST SOLAR INC CEDEAR EACH REP","12.87"
"FFXI.BA","Banco Comafi S.A.","11,290.00"
"FFXIC.BA","ISHARES TRUST CEDEAR","8.30"
"FFXID.BA","Banco Comafi S.A.","7.90"
"GGDX.BA","VanEck ETF Trust - VanEck Gold Miners ETF","15,190.00"
"GGDXD.BA","VANECK ETF TR CEDEAR EACH 10 RE","10.42"
"GGED.BA","General Electric Company","40.58"
"GGGALC.BA","GRUPO FINANCIERO GALICIA SA","4.57"
"GGGALD.BA","Grupo Financiero Galicia S.A.","4.74"
"GGGBD.BA","Gerdau S.A.","17.12"
"GGILDD.BA","Gilead Sciences, Inc.","38.74"
"GGLD.BA","SPDR GOLD TRUST GDR EACH REPR 5","13,640.00"
"GGLDC.BA","SPDR GOLD TRUST GDR EACH REPR 5","9.27"
"GGLDD.BA","SPDR GOLD TRUST GDR EACH REPR 5","9.62"
"GGLOBC.BA","GLOBANT SA CEDEAR EACH 18 REP 1","2.74"
"GGLOBD.BA","Globant S.A.","2.88"
"GGMD.BA","General Motors Company","14.14"
"GGN49D.BA","--","105.00"
"GGN49O.BA","--","149,560.00"
"GGOGLC.BA","ALPHABET INC CEDEAR EACH 58 REP","5.32"
"GGOGLD.BA","Alphabet Inc.","5.48"
"GGPRKD.BA","GeoPark Limited","8.47"
"GGRMND.BA","GARMIN LTD CEDEAR EAC 3 REP 1 C","72.00"
"GGSD.BA","The Goldman Sachs Group, Inc.","71.80"
"GGSKD.BA","GSK plc","15.01"
"GGTC.BA","GOODYEAR TIRE & RUBBER CO CEDEA","4.90"
"GGTD.BA","GOODYEAR TIRE & RUBBER CO CEDEA","4.88"
"HHALD.BA","Halliburton Company","17.57"
"HHAPV3.BA","HAPVIDA PARTICIPACOES INV SA CE","2,982.50"
"HHDD.BA","The Home Depot, Inc.","12.68"
"HHJCID.BA","--","102.35"
"HHJCIO.BA","--","147,500.00"
"HHJCJD.BA","--","103.50"
"HHJCKD.BA","--","104.00"
"HHJCKO.BA","--","144,000.00"
"HHLD.BA","Hecla Mining Company","24.00"
"HHMYC.BA","HARMONY GOLD MINING CO CEDEAR E","20.72"
"HHMYD.BA","Harmony Gold Mining Company Limited","21.96"
"HHOND.BA","Honeywell International Inc.","31.60"
"HHOOD.BA","Robinhood Markets, Inc.","3,835.00"
"HHOODD.BA","Robinhood Markets, Inc.","2.72"
"HHPQD.BA","HP Inc.","20.00"
"HHSAT.BA","Holdsat S.A.","144.50"
"HHSYD.BA","The Hershey Company","10.85"
"HHUT.BA","Hut 8 Corp.","395,050.00"
"HHUTC.BA","HUT 8 MINING CORP CEDEAR EACH 1","281.00"
"HHUTD.BA","Hut 8 Corp.","280.25"
"HHVS1D.BA","--","104.00"
"HHVS1O.BA","--","148,000.00"
"HHWMD.BA","Howmet Aerospace Inc.","257.50"
"IIBB.BA","iShares Trust - iShares Biotechnology ETF","9,450.00"
"IIBBC.BA","META PLATFORMS INC CEDEAR EACH","6.47"
"IIBBD.BA","iShares Trust - iShares Biotechnology ETF","6.66"
"IIBIT.BA","Banco Comafi S.A.","5,770.00"
"IIBITB.BA","ISHARES BITCOIN TRUST ETF GDS","5,955.00"
"IIBITC.BA","ISHARES BITCOIN TRUST ETF GDS","4.04"
"IIBITD.BA","Banco Comafi S.A.","4.04"
"IIBMC.BA","INTERNATIONAL BUS MACH CORP CED","18.36"
"IIBMD.BA","International Business Machines Corporation","18.09"
"IIEB.BA","IEB Construcciones S.A.","757.00"
"IIEMG.BA","Ishares Inc.","9,200.00"
"IIEMGD.BA","ISHARES INC CEDEAR EACH 12 REP","6.49"
"IIEUR.BA","iShares Trust - iShares Core MSCI Europe ETF","10,080.00"
"IIEURD.BA","iShares Trust - iShares Core MSCI Europe ETF","7.14"
"IIJH.BA","ISHARES TRUST CEDEAR EACH 12 RE","8,705.00"
"IIJHD.BA","ISHARES TRUST CEDEAR EACH 12 RE","6.20"
"IILF.BA","Banco Comafi S.A.","8,855.00"
"IILFD.BA","Banco Comafi S.A.","6.25"
"IINTCC.BA","INTEL CORP CEDEARS (EACH 5 REP","9.45"
"IINTCD.BA","Intel Corporation","9.73"
"IIPD.BA","INTERNATIONAL PAPER CO CEDEAR E","12.35"
"IIREN.BA","IREN Limited","5,200.00"
"IIREND.BA","IREN LIMITED CEDEAR EACH 44 REP","3.70"
"IIRS2W.BA","IRSA INVERSIONES Y REPRESENTACI","3,000.00"
"IIRSAD.BA","IRSA INVERSIONES Y REPRESENTACI","1.59"
"IITA.BA","ISHARES TRUST CEDEAR EACH 50 RE","6,910.00"
"IITAD.BA","ISHARES TRUST CEDEAR EACH 50 RE","4.87"
"IITUBC.BA","ITAU UNIBANCO HOLDINGS S.A. CED","9.46"
"IITUBD.BA","Itaú Unibanco Holding S.A.","9.40"
"IIVE.BA","iShares Trust - iShares S&P 500 Value ETF","8,110.00"
"IIVEC.BA","META PLATFORMS INC CEDEAR EACH","5.50"
"IIVED.BA","ISHARES TRUST CEDEAR EACH 40 RE","5.72"
"IIVV.BA","Banco Comafi S.A.","1,467.00"
"IIVVD.BA","Banco Comafi S.A.","1.04"
"IIVW.BA","Meta Platforms, Inc.","8,810.00"
"IIVWC.BA","META PLATFORMS INC CEDEAR EACH","6.01"
"IIVWD.BA","ISHARES TRUST CEDEAR EACH 20 RE","6.30"
"IIWM.BA","iShares Trust - iShares Russell 2000 ETF","38,680.00"
"IIWMD.BA","ISHARES TRUST CEDEAR EACH 10 RE","27.37"
"JJDC.BA","JD.COM INC CEDEAR EACH 2 REPR 1","7.05"
"JJDD.BA","JD.com, Inc.","7.05"
"JJMIA.BA","Jumia Technologies AG","13,730.00"
"JJMIAD.BA","Jumia Technologies AG","9.60"
"JJNJC.BA","JOHNSON & JOHNSON CEDEAR EACH 1","16.48"
"JJNJD.BA","Johnson & Johnson","16.80"
"JJPMC.BA","JPMORGAN CHASE & CO. CEDEAR EAC","21.68"
"JJPMD.BA","JPMorgan Chase & Co.","20.89"
"KKMBD.BA","Kimberly-Clark Corporation","18.75"
"KKO--B.BA","COCA-COLA CO CEDEARS EACH 5 REP","23,550.00"
"KKOC.BA","COCA-COLA CO CEDEARS EACH 5 REP","15.70"
"KKOD.BA","The Coca-Cola Company","16.39"
"KKOFM.BA","Coca-Cola FEMSA, S.A.B. de C.V.","83,350.00"
"LLACD.BA","Lithium Americas Corp.","4.86"
"LLARD.BA","Lithium Argentina AG","7.20"
"LLLYC.BA","ELI LILLY AND COMPANY CEDEAR EA","18.83"
"LLLYD.BA","Eli Lilly and Company","18.81"
"LLMTD.BA","Lockheed Martin Corporation","32.80"
"LLND.BA","Banco Comafi S.A.","5,615.00"
"LLOC5D.BA","--","103.60"
"LLOC5O.BA","--","147,920.00"
"LLOC6D.BA","--","100.55"
"LLOC6O.BA","--","144,600.00"
"LLOMAC.BA","LOMA NEGRA CIA IND ARGENTINA SA","2.33"
"LLOMAD.BA","Loma Negra Compañía Industrial Argentina Sociedad Anónima","2.34"
"LLRCXD.BA","Lam Research Corporation","4.61"
"LLREN3.BA","LOJAS RENNER SA CEDEAR EACH 1 R","4,280.00"
"MM30A6.BA","--","108.85"
"MM31G6.BA","--","111.95"
"MMAD.BA","Mastercard Incorporated","16.36"
"MMCC2D.BA","--","101.90"
"MMCC2O.BA","--","145,380.00"
"MMCDC.BA","MCDONALD'S CORPORATION CEDEAR E","13.48"
"MMCDD.BA","McDonald's Corporation","14.15"
"MMDLZ.BA","MONDELEZ INTL INC CEDEAR EACH 1","6,135.00"
"MMDLZD.BA","MONDELEZ INTL INC CEDEAR EACH 1","4.30"
"MMELIC.BA","MERCADOLIBRE INC CEDEAR EACH 60","16.53"
"MMELID.BA","MercadoLibre, Inc.","17.09"
"MMETAC.BA","META PLATFORMS INC CEDEAR EA 24","28.00"
"MMETAD.BA","Meta Platforms, Inc.","27.98"
"MMETRC.BA","METROGAS SA","1.64"
"MMETRD.BA","METROGAS SA","1.52"
"MMG6X.BA","--","110.50"
"MMGLU3.BA","MAGAZINE LUIZA SA CEDEAR EACH 1","2,915.00"
"MMIC3D.BA","--","102.20"
"MMIC3O.BA","--","146,000.00"
"MMIC4D.BA","--","100.80"
"MMMMD.BA","3M Company","17.71"
"MMOC.BA","ALTRIA GROUP INC CEDEARS EACH 4","16.38"
"MMOD.BA","Altria Group, Inc.","17.34"
"MMOS.BA","The Mosaic Company","8,770.00"
"MMOSD.BA","The Mosaic Company","6.25"
"MMRKD.BA","Merck & Co., Inc.","25.20"
"MMRNA.BA","MODERNA INC CEDEAR EACH 19 REP","3,292.50"
"MMRNAD.BA","MODERNA INC CEDEAR EACH 19 REP","2.28"
"MMRVLD.BA","MARVELL TECHNOLOGY INC CEDEAR E","5.98"
"MMSFTC.BA","MICROSOFT CORP CEDEAR EACH 30 R","13.93"
"MMSFTD.BA","Microsoft Corporation","14.00"
"MMSTR.BA","Strategy Inc","9,890.00"
"MMSTRC.BA","MICROSTRATEGY CEDEAR EACH 20 RE","6.23"
"MMSTRD.BA","Strategy Inc","6.91"
"MMU.BA","Micron Technology, Inc.","122,425.00"
"MMUC.BA","MICRON TECHNOLOGY INC CEDEAR EA","84.00"
"MMUD.BA","Micron Technology, Inc.","87.70"
"MMUFG.BA","Mitsubishi UFJ Financial Group, Inc.","28,860.00"
"MMUFGD.BA","Mitsubishi UFJ Financial Group, Inc.","20.69"
"MMUXC.BA","--","13.51"
"MMUXD.BA","McEwen Inc.","13.50"
"NNATU3.BA","Natura &Co Holding SA","2,542.50"
"NNEMD.BA","Newmont Corporation","44.30"
"NNFLXC.BA","NETFLIX INC CEDEAR EACH 16 REP","1.60"
"NNFLXD.BA","Netflix, Inc.","1.68"
"NNIOC.BA","NIO INC CEDEAR EACH 4 REP 1 ADR","1.25"
"NNIOD.BA","NIO Inc.","1.28"
"NNKEC.BA","NIKE INC CEDEAR EACH 12 REP 1 C","5.30"
"NNKED.BA","NIKE, Inc.","5.45"
"NNOKA.BA","Nokia Oyj","10,400.00"
"NNOW.BA","ServiceNow, Inc.","920.50"
"NNOWD.BA","SERVICENOW INC CEDEAR EACH 172","0.66"
"NNPCCC.BA","--","106.00"
"NNPCCD.BA","--","108.90"
"NNPCCO.BA","--","156,790.00"
"NNTESD.BA","NetEase, Inc.","8.76"
"NNUC.BA","NU HOLDINGS LTD CEDEAR EACH 2 R","8.33"
"NNUD.BA","Nu Holdings Ltd.","8.69"
"NNVDAC.BA","NVIDIA CORP CEDEAR EACH 24 REP","7.64"
"NNVDAD.BA","NVIDIA Corporation","7.89"
"NNVSD.BA","Novartis AG","42.45"
"NNXED.BA","NEXGEN ENERGY LTD CEDEAR EACH 1","12.24"
"OOC01Q.BA","--","5,319,600.00"
"OOKLO.BA","Oklo Inc.","3,440.00"
"OOKLOD.BA","OKLO INC CEDEAR EACH 29 REPR RA","2.43"
"OOLC5D.BA","--","105.00"
"OOLC5O.BA","--","150,000.00"
"OOLC6D.BA","--","103.80"
"OOLC6O.BA","--","148,340.00"
"OORCLD.BA","Oracle Corporation","56.20"
"OORLYD.BA","O'Reilly Automotive, Inc.","0.46"
"OOTS5D.BA","--","103.75"
"OOTS5O.BA","--","149,000.00"
"OOTS6D.BA","--","100.10"
"OOTS6O.BA","--","142,670.00"
"OOXY.BA","Occidental Petroleum Corporation","13,580.00"
"OOXYD.BA","Occidental Petroleum Corporation","9.52"
"PPAASD.BA","Pan American Silver Corp.","19.92"
"PPAGSD.BA","PagSeguro Digital Ltd.","3.67"
"PPAMPC.BA","PAMPA ENERGIA S.A.","3.26"
"PPAMPD.BA","Pampa Energía S.A.","3.43"
"PPANW.BA","Palo Alto Networks, Inc.","4,920.00"
"PPANWD.BA","Palo Alto Networks, Inc.","3.46"
"PPATH.BA","UiPath, Inc.","8,475.00"
"PPATHD.BA","UiPath, Inc.","6.35"
"PPBRC.BA","PETROLEO BRASILEIRO SA PETROBRA","15.11"
"PPBRD.BA","Petróleo Brasileiro S.A. - Petrobras","15.70"
"PPDD.BA","PDD Holdings Inc.","5,935.00"
"PPDDD.BA","PDD HOLDINGS INC CEDEAR EACH  2","4.09"
"PPECND.BA","--","60.49"
"PPECNO.BA","--","86,000.00"
"PPEPC.BA","PEPSICO INC CEDEAR EACH 6 REP 1","9.41"
"PPEPD.BA","PepsiCo, Inc.","9.69"
"PPETRD.BA","PETROLEO BRASILEIRO SA PETROBRA","7.84"
"PPFC2D.BA","--","102.50"
"PPFEC.BA","PFIZER INC CEDEAR EACH 2 REP 1","6.98"
"PPFED.BA","Pfizer Inc.","7.18"
"PPGC.BA","PROCTER & GAMBLE CO CEDEAR EACH","10.68"
"PPGD.BA","The Procter & Gamble Company","11.03"
"PPINS.BA","PINTEREST INC CEDEAR EACH 7 REP","3,197.50"
"PPINSD.BA","PINTEREST INC CEDEAR EACH 7 REP","2.40"
"PPLC3D.BA","--","103.20"
"PPLC3O.BA","--","146,050.00"
"PPLC4C.BA","--","105.30"
"PPLC4D.BA","--","108.95"
"PPLC4O.BA","--","155,400.00"
"PPLC5C.BA","--","103.95"
"PPLC5D.BA","--","107.65"
"PPLC5O.BA","--","153,000.00"
"PPLTRC.BA","PALANTIR TECH INC CEDEAR EACH 3","44.84"
"PPLTRD.BA","Palantir Technologies Inc.","45.77"
"PPM.BA","PHILIP MORRIS INTERNATIONAL INC","15,340.00"
"PPMD.BA","PHILIP MORRIS INTERNATIONAL INC","11.24"
"PPN40O.BA","--","137,000.00"
"PPN41D.BA","--","107.50"
"PPN41O.BA","--","153,000.00"
"PPN42D.BA","--","103.30"
"PPN42O.BA","--","148,700.00"
"PPN43D.BA","--","105.15"
"PPN43O.BA","--","149,600.00"
"PPNIZF.BA","FCIC REAL ESTATE PUERTO NIZUC","3.27"
"PPQCTD.BA","--","103.00"
"PPR17X.BA","--","733.65"
"PPRIO3.BA","Prio S.A.","7,405.00"
"PPSQ.BA","PROSHARES TRUST CEDEAR EACH 8 R","5,695.00"
"PPSQC.BA","PROSHARES TRUST CEDEAR EACH 8 R","4.10"
"PPSQD.BA","PROSHARES TRUST CEDEAR EACH 8 R","4.03"
"PPSXD.BA","Phillips 66","26.61"
"PPVC3O.BA","--","145,320.00"
"PPYPLC.BA","PAYPAL HOLDINGS INC CEDEAR EACH","5.08"
"PPYPLD.BA","PayPal Holdings, Inc.","5.20"
"QQCOMC.BA","QUALCOMM INC CEDEAR EACH 11 REP","12.60"
"QQCOMD.BA","QUALCOMM Incorporated","13.40"
"QQQQ.BA","Invesco QQQ Trust, Series 1","44,480.00"
"QQQQC.BA","INVESCO QQQ TRUST CEDEAR EACH 2","30.20"
"QQQQD.BA","INVESCO QQQ TRUST CEDEAR EACH 2","31.37"
"RRACE.BA","FERRARI N V CEDEAR EACH 83 REP","6,715.00"
"RRACEC.BA","FERRARI N V CEDEAR EACH 83 REP","4.60"
"RRACED.BA","FERRARI N V CEDEAR EACH 83 REP","4.70"
"RRBLX.BA","Roblox Corporation","46,660.00"
"RRBLXD.BA","Roblox Corporation","32.13"
"RRC1CD.BA","--","108.00"
"RRC1CO.BA","--","154,000.00"
"RRC2CD.BA","--","103.10"
"RRC2CO.BA","--","149,900.00"
"RRCCRD.BA","--","104.40"
"RRENT3.BA","Localiza Rent a Car S.A.","7,110.00"
"RRGTI.BA","Rigetti Computing, Inc.","11,640.00"
"RRGTIC.BA","RIGETTI COMPUTING INC CEDEAR EA","7.61"
"RRGTID.BA","Rigetti Computing, Inc.","8.21"
"RRIOD.BA","Rio Tinto Group","12.65"
"RRIOT.BA","RIOT PLATFORMS INC RIOT PLATFOR","7,510.00"
"RRIOTC.BA","RIOT PLATFORMS INC","4.93"
"RRIOTD.BA","RIOT PLATFORMS INC (USD)","5.44"
"RRKLB.BA","Rocket Lab Corporation","8,215.00"
"RRKLBD.BA","ROCKET LAB CORPORATION CEDEAR E","5.80"
"RROKU.BA","ROKU INC CEDEAR EACH 13 REP 1 O","10,130.00"
"RROKUD.BA","ROKU INC CEDEAR EACH 13 REP 1 O","6.35"
"RROSTD.BA","Ross Stores, Inc.","50.90"
"RRTXD.BA","RTX Corporation","42.45"
"RRUCED.BA","--","100.00"
"RRUCEO.BA","--","141,700.00"
"SS16M6.BA","--","102.15"
"SS17A6.BA","--","104.44"
"SS27F6.BA","--","124.88"
"SS29Y6.BA","--","121.36"
"SS2A6X.BA","--","104.33"
"SS30A6.BA","--","119.90"
"SS30N6.BA","--","103.00"
"SS30O6.BA","--","109.95"
"SS31G6.BA","--","108.40"
"SS31L6.BA","--","102.55"
"SSAND.BA","Banco Santander, S.A.","49.44"
"SSAPD.BA","SAP SE","35.90"
"SSATL.BA","Satellogic Inc.","4,780.00"
"SSATLD.BA","Satellogic Inc.","3.38"
"SSBC2D.BA","--","101.10"
"SSBC2O.BA","--","146,000.00"
"SSBUXC.BA","STARBUCKS CORP CEDEAR EACH 4 RE","7.97"
"SSBUXD.BA","Starbucks Corporation","8.12"
"SSED.BA","Sea Limited","3.46"
"SSFD34.BA","--","146,000.00"
"SSFD4D.BA","--","103.00"
"SSG6X.BA","--","108.76"
"SSH.BA","PROSHARES TRUST GDR EACH REPR 8","6,665.00"
"SSHD.BA","PROSHARES TRUST GDR EACH REPR 8","4.72"
"SSHELD.BA","Shell plc","41.13"
"SSHOPC.BA","SHOPIFY INC CEDEAR EACH 107 REP","1.17"
"SSHOPD.BA","Shopify Inc.","1.09"
"SSIDD.BA","COMPANHIA SIDERURGICA NACIONAL","14.10"
"SSLBD.BA","SLB N.V.","17.50"
"SSLV.BA","ISHARES SILVER TRUST CEDEAR EAC","17,210.00"
"SSLVC.BA","ISHARES SILVER TRUST CEDEAR EAC","11.86"
"SSLVD.BA","ISHARES SILVER TRUST CEDEAR EAC","12.19"
"SSM6X.BA","--","102.17"
"SSMH.BA","VANECK ETF TR CEDEAR EACH 50 RE","12,070.00"
"SSMHC.BA","VANECK ETF TR CEDEAR EACH 50 RE","7.70"
"SSMHD.BA","VANECK ETF TR CEDEAR EACH 50 RE","8.53"
"SSN6X.BA","--","102.92"
"SSNAPD.BA","Snap Inc.","5.00"
"SSNEAO.BA","--","83,000.00"
"SSNEBD.BA","--","68.49"
"SSNEBO.BA","--","94,850.00"
"SSNOWD.BA","Snowflake Inc.","6.39"
"SSO6X.BA","--","110.00"
"SSONYD.BA","Sony Group Corporation","2.96"
"SSPCE.BA","VIRGIN GALACTIC HLDGS INC CEDEA","7,600.00"
"SSPGID.BA","S&P Global Inc.","9.25"
"SSPHQ.BA","INVESCO EXCHANGE TRADED FD TR C","8,350.00"
"SSPHQD.BA","INVESCO EXCHANGE TRADED FD TR C","6.00"
"SSPOTD.BA","Spotify Technology S.A.","17.15"
"SSPXL.BA","DIREXION SHARES ETF TRUST CEDEA","12,840.00"
"SSPXLC.BA","DIREXION SHARES ETF TRUST CEDEA","9.24"
"SSPXLD.BA","DIREXION SHARES ETF TRUST CEDEA","9.09"
"SSPY.BA","SPDR S&P 500 ETF Trust","50,300.00"
"SSPYB.BA","SPDR S&P500 ETF TRUST CEDEAR EA","52,050.00"
"SSPYC.BA","SPDR S&P500 ETF TRUST CEDEAR EA","34.67"
"SSPYD.BA","SPDR S&P 500 ETF Trust","35.39"
"SSTLA.BA","STELLANTIS N.V CEDEAR EACH 5 RE","2,309.00"
"SSTLAD.BA","STELLANTIS N.V CEDEAR EACH 5 RE","1.64"
"SSTNED.BA","StoneCo Ltd.","5.86"
"SSUPVC.BA","GRUPO SUPERVIELLE S.A.","2.24"
"SSUPVD.BA","Grupo Supervielle S.A.","2.18"
"SSUZD.BA","SUZANO SA CEDEAR EAC REPR 1 ADR","11.18"
"SSWKS.BA","SKYWORKS SOLUTIONS INC CEDEAR E","4,300.00"
"SSWKSD.BA","Skyworks Solutions, Inc.","3.00"
"SSXC2D.BA","--","102.70"
"SSXC2O.BA","--","145,030.00"
"SSY6X.BA","--","121.68"
"TT30A7.BA","--","109.85"
"TT30J7.BA","--","105.35"
"TT31Y7.BA","--","103.70"
"TT641D.BA","--","102.40"
"TT652D.BA","--","102.80"
"TT662D.BA","--","102.05"
"TT662O.BA","--","140,550.00"
"TTA7X.BA","--","109.56"
"TTD.BA","AT&T Inc.","9.88"
"TTEAM.BA","Atlassian Corporation","2,682.50"
"TTEAMD.BA","ATLASSIAN CORP CEDEAR EACH 47 R","1.90"
"TTECOD.BA","Telecom Argentina S.A.","2.35"
"TTEM.BA","Tempus AI, Inc.","6,340.00"
"TTEMD.BA","TEMPUS AI INC CEDEAR EACH 12 RE","4.56"
"TTEND.BA","Tenaris S.A.","50.50"
"TTGN4D.BA","TRANSPORTADORA DE GAS DEL NORTE","3.07"
"TTGSUC.BA","TRANSPORTADORA DE GAS DEL SUR S","5.88"
"TTGSUD.BA","TRANSPORTADORA DE GAS DEL SUR S","6.06"
"TTGTC.BA","TARGET CORP CEDEAR EACH 24 REP","4.76"
"TTGTD.BA","Target Corporation","4.95"
"TTLCPC.BA","--","107.95"
"TTLCPD.BA","--","112.25"
"TTLCPO.BA","--","159,000.00"
"TTLCQD.BA","--","103.45"
"TTLCQO.BA","--","147,000.00"
"TTLCTC.BA","--","100.00"
"TTLCTD.BA","--","107.85"
"TTLCTO.BA","--","153,570.00"
"TTMC.BA","TOYOTA MOTOR CORP CEDEAR EACH 5","16.37"
"TTMD.BA","Toyota Motor Corporation","17.10"
"TTMOD.BA","Thermo Fisher Scientific Inc.","25.84"
"TTMUS.BA","T-MOBILE US INC CEDEAR EACH 33","9,600.00"
"TTMUSD.BA","T-MOBILE US INC CEDEAR EACH 33","6.95"
"TTQQQ.BA","PROSHARES TRUST CEDEAR EACH 25","2,882.50"
"TTQQQD.BA","PROSHARES TRUST CEDEAR EACH 25","2.08"
"TTRAND.BA","Compañía de Transporte de Energía Eléctrica en Alta Tensión Transener S.A.","2.83"
"TTRIPD.BA","Tripadvisor, Inc.","4.95"
"TTSC4D.BA","--","106.80"
"TTSC4O.BA","--","152,630.00"
"TTSLAC.BA","TESLA INC CEDEAR EACH 15 REP 1","28.24"
"TTSLAD.BA","Tesla, Inc.","29.06"
"TTSMC.BA","TAIWAN SEMICONDUCTOR MANUFACTUR","40.87"
"TTSMD.BA","Taiwan Semiconductor Manufacturing Company Limited","42.61"
"TTTCBD.BA","--","104.30"
"TTTCBO.BA","--","148,000.00"
"TTTCDC.BA","--","103.40"
"TTTCDD.BA","--","106.45"
"TTTCDO.BA","--","151,940.00"
"TTWLOD.BA","Twilio Inc.","3.20"
"TTXARC.BA","TERNIUM ARGENTINA SA","0.47"
"TTXARD.BA","Ternium Argentina S.A.","0.49"
"TTXND.BA","Texas Instruments Incorporated","45.10"
"TTXRD.BA","Ternium S.A.","11.45"
"TTY30P.BA","--","117.05"
"TTY30X.BA","--","116.75"
"TTY7X.BA","--","103.20"
"TTY7Z.BA","--","0.07"
"TTZXA7.BA","--","99.00"
"TTZXY7.BA","--","105.00"
"UUAL.BA","United Airlines Holdings, Inc.","31,960.00"
"UUBER.BA","Uber Technologies, Inc.","51,150.00"
"UUBERD.BA","Uber Technologies, Inc.","36.01"
"UUGPD.BA","Ultrapar Participações S.A.","5.51"
"UUL.BA","Unilever PLC","36,600.00"
"UULD.BA","Unilever PLC","25.60"
"UUNHC.BA","UNITEDHEALTH GROUP INC CEDEAR E","8.45"
"UUNHD.BA","UnitedHealth Group Incorporated","9.19"
"UUNPD.BA","Union Pacific Corporation","13.35"
"UUPST.BA","Upstart Holdings, Inc.","9,165.00"
"UUPSTC.BA","UPSTART HLDGS INC CEDEAR EACH 5","8.07"
"UUPSTD.BA","Upstart Holdings, Inc.","6.44"
"UURA.BA","GLOBAL X FDS CEDEAR EACH 5 REPR","15,260.00"
"UURAC.BA","GLOBAL X FDS CEDEAR EACH 5 REPR","10.48"
"UURAD.BA","GLOBAL X FDS CEDEAR EACH 5 REPR","10.79"
"UURBND.BA","Urban Outfitters, Inc.","35.19"
"UUSO.BA","UNITED STATES OIL FUND LP CEDEA","7,475.00"
"UUSOD.BA","UNITED STATES OIL FUND LP CEDEA","5.30"
"VVAC3P.BA","--","141,000.00"
"VVALEC.BA","VALE S.A. CEDEAR (EACH REP 0.5","8.32"
"VVALED.BA","Vale S.A.","8.59"
"VVALOC.BA","BANCO DE VALORES S.A.","0.40"
"VVALOD.BA","Banco de Valores S.A.","0.40"
"VVBC2O.BA","--","145,000.00"
"VVC.BA","VISA INC CEDEARS (EACH 18 REP 1","17.59"
"VVD.BA","Visa Inc.","18.16"
"VVEA.BA","Vanguard Tax-Managed Funds - Vanguard FTSE Developed Markets ETF","10,140.00"
"VVEAC.BA","META PLATFORMS INC CEDEAR EACH","6.95"
"VVEAD.BA","Vanguard Tax-Managed Funds - Vanguard FTSE Developed Markets ETF","7.13"
"VVIG.BA","VANGUARD SPECIALIZED FUNDS CEDE","8,605.00"
"VVIGD.BA","VANGUARD SPECIALIZED FUNDS CEDE","6.12"
"VVISTC.BA","VISTA OIL & GAS SAB DE CV CEDEA","18.93"
"VVISTD.BA","Vista Energy, S.A.B. de C.V.","18.64"
"VVODD.BA","Vodafone Group Public Limited Company","16.01"
"VVRTX.BA","Vertex Pharmaceuticals Incorporated","7,255.00"
"VVRTXD.BA","VERTEX PHARMACEUTICAL CEDEAR EA","4.84"
"VVSCVC.BA","--","106.25"
"VVSCVD.BA","--","110.50"
"VVSCVO.BA","--","156,630.00"
"VVSCWD.BA","--","102.40"
"VVSCWO.BA","--","150,500.00"
"VVST.BA","Vistra Corp.","9,620.00"
"VVSTD.BA","VISTRA CORP CEDEAR EACH 26  REP","6.90"
"VVXX.BA","BARCLAYS BANK PLC CEDEAR 5 REP","8,350.00"
"VVXXD.BA","BARCLAYS BANK PLC CEDEAR EACH 5","5.85"
"VVZD.BA","Verizon Communications Inc.","12.70"
"WWFCC.BA","WELLS FARGO & COMPANY CEDEAR EA","18.27"
"WWFCD.BA","Wells Fargo & Company","18.00"
"WWMTC.BA","WALMART INC CEDEAR EACH 6 REP 1","7.47"
"WWMTD.BA","Walmart Inc.","7.70"
"XX29Y6.BA","--","106.58"
"XX30N6.BA","--","99.80"
"XX31L6.BA","--","99.76"
"XXL6X.BA","--","98.40"
"XXLB.BA","The Select Sector SPDR Trust - The Materials Select Sector SPDR Fund","4,337.50"
"XXLBD.BA","SELECT SECTOR SPDR TRUST CEDEAR","3.09"
"XXLC.BA","The Select Sector SPDR Trust - The Communication Services Select Sector SPDR Fund","8,915.00"
"XXLCD.BA","The Select Sector SPDR Trust - The Communication Services Select Sector SPDR Fund","6.29"
"XXLE.BA","The Select Sector SPDR Trust - The Energy Select Sector SPDR Fund","39,960.00"
"XXLEC.BA","SELECT SECTOR SPDR TRUST CEDEAR","27.61"
"XXLED.BA","SELECT SECTOR SPDR TRUST CEDEAR","28.01"
"XXLF.BA","SELECT SECTOR SPDR TRUST CEDEAR","37,900.00"
"XXLFC.BA","SELECT SECTOR SPDR TRUST CEDEAR","25.90"
"XXLFD.BA","SELECT SECTOR SPDR TRUST CEDEAR","26.76"
"XXLI.BA","The Select Sector SPDR Trust - The Industrial Select Sector SPDR Fund","9,175.00"
"XXLID.BA","SELECT SECTOR SPDR TRUST CEDEAR","6.44"
"XXLK.BA","The Select Sector SPDR Trust - The Technology Select Sector SPDR Fund","4,482.50"
"XXLKD.BA","SELECT SECTOR SPDR TRUST CEDEAR","3.19"
"XXLP.BA","Meta Platforms, Inc.","8,255.00"
"XXLPC.BA","META PLATFORMS INC CEDEAR EACH","5.63"
"XXLPD.BA","SELECT SECTOR SPDR TRUST CEDEAR","5.82"
"XXLRE.BA","The Select Sector SPDR Trust - The Real Estate Select Sector SPDR Fund","7,120.00"
"XXLREC.BA","META PLATFORMS INC CEDEAR EACH","4.80"
"XXLRED.BA","The Select Sector SPDR Trust - The Real Estate Select Sector SPDR Fund","5.13"
"XXLU.BA","SELECT SECTOR SPDR TRUST CEDEAR","4,567.50"
"XXLUD.BA","SELECT SECTOR SPDR TRUST CEDEAR","3.22"
"XXLV.BA","The Select Sector SPDR Trust - The Health Care Select Sector SPDR Fund","8,030.00"
"XXLVC.BA","META PLATFORMS INC CEDEAR EACH","5.80"
"XXLVD.BA","SELECT SECTOR SPDR TRUST CEDEAR","5.71"
"XXLY.BA","The Select Sector SPDR Trust - The Consumer Discretionary Select Sector SPDR Fund","3,965.00"
"XXLYC.BA","META PLATFORMS INC CEDEAR EACH","2.72"
"XXLYD.BA","SELECT SECTOR SPDR TRUST CEDEAR","2.83"
"XXOMC.BA","EXXON MOBIL CORPORATION CEDEAR","15.25"
"XXOMD.BA","Exxon Mobil Corporation","15.42"
"XXPD.BA","XP Inc.","5.17"
"XXPEV.BA","XPeng Inc.","6,570.00"
"XXPEVD.BA","XPENG INC CEDEAR EACH  4 REPR 1","4.60"
"XXROXD.BA","XEROX HOLDINGS CORPORATION CEDE","2.03"
"XXY6X.BA","--","106.50"
"XXYZD.BA","BLOCK INC CEDEAR EACH REPR 1 AD","2.60"
"YY134D.BA","--","106.25"
"YYFCMD.BA","--","105.00"
"YYFCND.BA","--","103.00"
"YYFCNO.BA","--","145,360.00"
"YYFCOD.BA","--","103.00"
"YYFCOO.BA","--","144,030.00"
"YYM37D.BA","--","102.10"
"YYM37O.BA","--","146,990.00"
"YYM38C.BA","--","100.40"
"YYM38D.BA","--","103.70"
"YYM38O.BA","--","152,980.00"
"YYM39C.BA","--","106.85"
"YYM39D.BA","--","108.80"
"YYM39O.BA","--","154,980.00"
"YYM40D.BA","--","105.95"
"YYM40O.BA","--","151,000.00"
"YYM41D.BA","--","102.00"
"YYM41O.BA","--","144,820.00"
"YYM42C.BA","--","101.50"
"YYM42D.BA","--","102.90"
"YYM42O.BA","--","146,500.00"
"YYPFDC.BA","YPF SOCIEDAD ANONIMA","37.50"
"YYPFDD.BA","YPF Sociedad Anónima","38.28"
"ZZMD.BA","Zoom Communications, Inc.","2.05"
"ZZPC2D.BA","--","103.75"
"ZZPC2O.BA","--","155,000.00"
"ZZPC3D.BA","--","106.25"
"ZZPC3O.BA","--","149,680.00"
